{
    "train": {
        "accuracy": 0.8416666666666667,
        "loss": 4.677839130163193
    },
    "step": 13
}
